{
  "model": "LogisticRegression(l2, unweighted)",
  "preprocessing": "train-fitted StandardScaler on all features",
  "seed": 6320,
  "validation": {
    "validation_accuracy": 0.7908178777743995,
    "validation_precision": 0.7032967032967034,
    "validation_recall": 0.421978021978022,
    "validation_f1": 0.5274725274725275,
    "validation_roc_auc": 0.8149065310477668
  },
  "test": {
    "test_accuracy": 0.800851322590453,
    "test_precision": 0.68,
    "test_recall": 0.45359628770301624,
    "test_f1": 0.5441892832289492,
    "test_roc_auc": 0.8322516316344448
  }
}