{
  "model": "HistGradientBoostingClassifier",
  "settings": {
    "max_depth": 6,
    "learning_rate": 0.08,
    "max_iter": 300
  },
  "preprocessing": "median-imputed raw features (trees invariant to scaling)",
  "seed": 6320,
  "validation": {
    "validation_accuracy": 0.8409851018546671,
    "validation_precision": 0.7590361445783133,
    "validation_recall": 0.6230769230769231,
    "validation_f1": 0.684369342184671,
    "validation_roc_auc": 0.8951203063435093
  },
  "test": {
    "test_accuracy": 0.8613560352690788,
    "test_precision": 0.7773224043715847,
    "test_recall": 0.660092807424594,
    "test_f1": 0.7139272271016311,
    "test_roc_auc": 0.9099960135253341
  }
}