split,rows,percent,positive_rate
test,3289,15.001140250855189,0.2620857403466099
train,15347,69.99771949828963,0.26865185378249823
validation,3289,15.001140250855189,0.2766798418972332
