split,rows,positive_rate
train,15347,0.26865185378249823
validation,3289,0.2766798418972332
test,3289,0.2620857403466099
